民意代表姓名,民意代表親屬姓名,與民代間之親屬關係,資料來源
蔡培慧,N/A,配偶,https://drive.google.com/open?id=1nyzi0G2IdJ-YgkmdZHeYNkAk99ZebH0N
蔡其昌,黃玉廷,配偶,https://drive.google.com/open?id=1tf1pvHrWDKfDIqz3UU5y3dwYI6ZNM0rT
蔡其昌,詹益川,外祖父,https://zh.wikipedia.org/wiki/%E8%A9%B9%E5%86%B0
蔡適應,蔡喬婷,配偶,https://drive.google.com/open?id=11ngmY6WUmrbgVMzgsgUe3Z-eCD2J9YuF
蔡易餘,蔡仁,曾祖父,http://news.ltn.com.tw/news/politics/paper/549877
蔡易餘,蔡啟芳,父親,http://news.ltn.com.tw/news/politics/paper/549877
蔡易餘,N/A,配偶,https://drive.google.com/open?id=1MdSK78uNxx0URPGU1wNyvhdDElY1q-zA
蔡易餘,蔡長銘,祖父,http://news.ltn.com.tw/news/politics/paper/549877
曾銘宗,江淑惠,表妹,http://cdnews.com.tw/cdnews_site/docDetail.jsp?coluid=112&docid=103060249
曾銘宗,呂錦玲,配偶,https://drive.google.com/open?id=1B6mQ4mJ8FdBoQb8ZPFcS0T30IgR-zcYn
陳超明,陳錫坤,父親,http://news.ltn.com.tw/news/local/paper/937403
陳超明,吳麗利,配偶,https://drive.google.com/file/d/1HP3HmqcjqDYizAky_J_umrLG7XBbgDq1/view?usp=sharing
陳錦祥,陳勁輔,兒子,http://news.ltn.com.tw/news/local/paper/828692
陳錦祥,陳曾悅子,母親,http://news.ltn.com.tw/news/local/paper/443756
陳賴素美,陳奕瑄,配偶,https://drive.google.com/open?id=1q3cr44Igl7tqf40OMKNJYzS-yJ2pE2_k
陳曼麗,N/A,配偶,https://drive.google.com/file/d/1N8QxgdjrxLGd-Jm5nQjeevRFF9Lq_gNd/view?usp=sharing
陳明文,陳福三,父親,http://news.ltn.com.tw/news/politics/breakingnews/1998910
陳明文,陳林蓮枝,母親,http://news.ltn.com.tw/news/politics/breakingnews/1998910
陳明文,陳明仁,哥哥,http://news.ltn.com.tw/news/politics/paper/13282
陳明文,廖素慧,配偶,https://drive.google.com/file/d/1iDUlEKmc_CeLVyNsHW5oyyvN1nOigloD/view?usp=sharing
陳明文,陳怡岳,外甥,http://www.chinatimes.com/realtimenews/20170817005392-260407
陳歐珀,徐慧諭,配偶,https://drive.google.com/file/d/1OcoJJusyGysKq3LrfZshiu8ODZYeVthK/view?usp=sharing
陳其邁,陳哲男,父親,https://zh.wikipedia.org/wiki/%E9%99%B3%E5%85%B6%E9%82%81
陳其邁,陳其堯,哥哥,https://zh.wikipedia.org/wiki/%E9%99%B3%E5%85%B6%E9%82%81
陳其邁,陳書芸,妹妹,https://zh.wikipedia.org/wiki/%E9%99%B3%E5%85%B6%E9%82%81
陳其邁,吳虹,配偶,https://drive.google.com/file/d/1T-E0QZTjpN166GSQznG2goeh-Tngzp2-/view?usp=sharing
陳素月,N/A,配偶,https://drive.google.com/file/d/1VYOhZq4UjnT8W3x91SvYGCNp-06etmbi/view?usp=sharing
陳亭妃,陳佳照,父親,https://zh.wikipedia.org/wiki/%E9%99%B3%E4%BA%AD%E5%A6%83#cite_note-4
陳亭妃,陳怡珍,妹妹,https://zh.wikipedia.org/wiki/%E9%99%B3%E4%BA%AD%E5%A6%83#cite_note-4
陳亭妃,陳黃秀,母親,https://zh.wikipedia.org/wiki/%E9%99%B3%E4%BA%AD%E5%A6%83#cite_note-4
陳亭妃,N/A,配偶,https://drive.google.com/file/d/1ZdqB6bG-3N0jvnryW-8wu8ZzkElygyoK/view?usp=sharing
陳學聖,梁寒衣,配偶,https://drive.google.com/open?id=11miQyB6j4jfhhLl1WKOAs4PFP_J_5Wox
陳雪生,陳秀蘭,配偶,https://drive.google.com/file/d/1iE1clHsmNa_Qm6lVcVos0gdXKmUKrqMF/view?usp=sharing
陳宜民,陳皆興,伯公,http://www.peoplenews.tw/news/f2f0399e-2bec-492a-b9f9-2f566ad334d1
陳宜民,陳寶輝,父親,http://www.peoplenews.tw/news/f2f0399e-2bec-492a-b9f9-2f566ad334d1
陳宜民,N/A,配偶,https://drive.google.com/file/d/1L6CZBwzmk5HdgQ6CambEyxD7dq-H7GsQ/view?usp=sharing
陳怡潔,陳政忠,父親,https://zh.wikipedia.org/wiki/%E9%99%B3%E6%80%A1%E6%BD%94
陳怡潔,N/A,配偶,https://drive.google.com/open?id=1s9LEfMfppBzgq7AW3OqYU8-MTyGyJKmB
陳瑩,陳建年,父親,http://www.nextmag.com.tw/realtimenews/news/36827603
陳瑩,N/A,配偶,https://drive.google.com/file/d/1SHsDj1Hr8wTVBzeop5Myp4BG-VxRWGk6/view?usp=sharing
陳瑩,陳冠年,伯父,http://www.nextmag.com.tw/realtimenews/news/36827603
陳瑩,陳耕元,祖父,http://www.nextmag.com.tw/realtimenews/news/36827603
段宜康,段守愚,父親,https://zh.wikipedia.org/wiki/%E6%AE%B5%E5%AE%9C%E5%BA%B7
段宜康,陳麗雯,配偶,https://drive.google.com/file/d/1Nh5OyQm6VkfKmvv_naGdWPgLS_h97eEq/view?usp=sharing
費鴻泰,費鴻波,哥哥,https://zh.wikipedia.org/wiki/%E8%B2%BB%E9%B4%BB%E6%B3%B0
費鴻泰,王怡心,配偶,https://drive.google.com/open?id=1bWHxbKvNSu83RkdJtnWNnIq-5l5ljzJa
費鴻泰,費鴻鈞,堂弟,https://zh.wikipedia.org/wiki/%E8%B2%BB%E9%B4%BB%E6%B3%B0
費鴻泰,費聿鋒,姪子,https://zh.wikipedia.org/wiki/%E8%B2%BB%E9%B4%BB%E6%B3%B0
高金素梅,金德培,父親,https://zh.wikipedia.org/wiki/%E9%AB%98%E9%87%91%E7%B4%A0%E6%A2%85
高金素梅,高香妹,母親,https://zh.wikipedia.org/wiki/%E9%AB%98%E9%87%91%E7%B4%A0%E6%A2%85
高金素梅,N/A,配偶,https://drive.google.com/file/d/1TWNuJCmUF8OF87bqxjPry6XMEJsET3B5/view?usp=sharing
高潞．以用．巴魕剌Kawlo．Iyun．Pacidal,以莉·高露,表姐,https://tw.appledaily.com/new/realtime/20151029/721346/
高潞．以用．巴魕剌Kawlo．Iyun．Pacidal,N/A,配偶,https://drive.google.com/file/d/1hJ4vYum5uLKVwzo3eHoxwgQAE6o7hcBw/view?usp=sharing
高志鵬,N/A,配偶,https://drive.google.com/file/d/1Jbj3u-APqPE63tNrC8fXOcakgrrdM1Gt/view?usp=sharing
谷辣斯．尤達卡Kolas．Yotaka,N/A,配偶,https://drive.google.com/file/d/1AJQyu5JLC4QklG7mrH2B301G_sH8BF0U/view?usp=sharing
顧立雄,王美花,配偶,https://drive.google.com/open?id=1NpTq2m3uwKsJL6qzM_4SpGBDzz1Wj1wS
管碧玲,許陽明,配偶,https://drive.google.com/open?id=1O49KhXumhc3gasreD3RypLTcn1iIoV4T
郭正亮,文馨瑩,配偶,https://drive.google.com/file/d/1P_chywgzvXyJ7ERQ5dINc0bNZs8QuLOf/view?usp=sharing
何欣純,林淑滿,母親,http://topic.cw.com.tw/2015politicaldynasty/img/graph/4.png
何欣純,謝俊雄,配偶,https://drive.google.com/open?id=1AAsJc6bM7mO2ukcRKFvZxHsHXI-0-ur3
何欣純,林昶佐,表弟,https://zh.wikipedia.org/wiki/%E4%BD%95%E6%AC%A3%E7%B4%94
洪慈庸,洪仲丘,弟弟,http://news.ltn.com.tw/news/society/breakingnews/1228616
洪慈庸,洪吉端,父親,http://news.ltn.com.tw/news/society/breakingnews/1228616
洪慈庸,胡世和,舅舅,http://news.ltn.com.tw/news/society/breakingnews/1228616
洪慈庸,胡素真,母親,http://news.ltn.com.tw/news/society/breakingnews/1228616
洪慈庸,卓冠廷,配偶,https://drive.google.com/file/d/1-HoxhO72HGXtBSl6ir29jV5isdTqYmuk/view?usp=sharing
洪慈庸,卓建國,岳父,https://zh.wikipedia.org/wiki/%E5%8D%93%E5%86%A0%E5%BB%B7
洪慈庸,蘇麗雪,岳母,https://zh.wikipedia.org/wiki/%E5%8D%93%E5%86%A0%E5%BB%B7
洪宗熠,邱于真,配偶,https://drive.google.com/file/d/1eQe6b5_tk2KHXO2Ve82JLsB6xcpQT9wv/view?usp=sharing
黃國昌,高翔,配偶,https://drive.google.com/open?id=114SJgHIto6XgrbYeRtciIJibW5t67MXc
黃國書,林君俐,配偶,https://drive.google.com/open?id=1hEL8QAjOrSgwtsBXhir9PDcRLcy1dwPc
黃偉哲,蘇紫雲,弟弟,http://www.storm.mg/article/399831
黃偉哲,黃智賢,妹妹,http://www.storm.mg/article/399831
黃偉哲,劉育菁,配偶,https://drive.google.com/file/d/1175n39Lc1qzKZxlroKY9XPk-hKRKz_R2/view?usp=sharing
黃偉哲,黃重諺,堂弟,http://www.storm.mg/article/399831
黃秀芳,鄧堯銓,配偶,https://drive.google.com/file/d/1W9aYHbmoZjLeoAUAhItM86uyp0Bv4kFM/view?usp=sharing
黃昭順,黃禎淦,弟弟,http://www.crntt.tw/crn-webapp/doc/docDetailCreate.jsp?coluid=93&kindid=2910&docid=101434286&mdate=0902123058
黃昭順,黃尊秋,父親,https://zh.wikipedia.org/wiki/%E9%BB%83%E6%98%AD%E9%A0%86
黃昭順,黃禎祥,哥哥,https://zh.wikipedia.org/wiki/%E9%BB%83%E6%98%AD%E9%A0%86
黃昭順,黃禎憲,哥哥,https://zh.wikipedia.org/wiki/%E9%BB%83%E6%98%AD%E9%A0%86
黃昭順,黃淑媛,妹妹,http://www.crntt.tw/crn-webapp/doc/docDetailCreate.jsp?coluid=93&kindid=2910&docid=101434286&mdate=0902123058
黃昭順,陳菁徽,女兒,https://zh.wikipedia.org/wiki/%E9%BB%83%E6%98%AD%E9%A0%86
黃昭順,王崇儀,配偶,https://drive.google.com/open?id=1wmnSMhvj_bcgqlY91wY610AXvwBPDNMd
黃昭順,陳雲龍,前配偶,https://zh.wikipedia.org/wiki/%E9%BB%83%E6%98%AD%E9%A0%86
簡東明Uliw．Qaljupayare,戴錦花,配偶,https://drive.google.com/open?id=1C8VmvbcQw5k_wAc8uFSCOy_emZRxUxnW
江啟臣,劉姿伶,配偶,https://drive.google.com/open?id=1WNfFMG5e8Coo0xzBLPALUGk-3opwnS3q
江啟臣,劉哲彰,妻舅,https://zh.wikipedia.org/wiki/%E6%B1%9F%E5%95%9F%E8%87%A3
江啟臣,江秋桂,叔公,https://zh.wikipedia.org/wiki/%E6%B1%9F%E5%95%9F%E8%87%A3
江啟臣,江漢津,堂伯公,https://zh.wikipedia.org/wiki/%E6%B1%9F%E5%95%9F%E8%87%A3
江啟臣,江春男,堂叔,https://zh.wikipedia.org/wiki/%E6%B1%9F%E5%95%9F%E8%87%A3
江啟臣,劉盛良,岳父,https://zh.wikipedia.org/wiki/%E6%B1%9F%E5%95%9F%E8%87%A3
江啟臣,江水源,祖父,http://news.ltn.com.tw/news/politics/breakingnews/1493250
江永昌,吳淑靜,配偶,https://drive.google.com/open?id=1fuZY9c47KPRnJ0i2jSc29ADcF_aTG66s
江永昌,趙永清,堂哥,http://topic.cw.com.tw/2015politicaldynasty/img/graph/2.png
江永昌,江上清,堂哥,http://topic.cw.com.tw/2015politicaldynasty/img/graph/2.png
江永昌,趙長江,姨丈,http://topic.cw.com.tw/2015politicaldynasty/img/graph/2.png
蔣乃辛,蔣淦聲,父親,https://zh.wikipedia.org/wiki/%E8%94%A3%E4%B9%83%E8%BE%9B
蔣乃辛,楊際英,配偶,https://drive.google.com/open?id=1XPuK0cbmPDkuAdvfMXt41hRtb1uau9wU
蔣萬安,蔣介石,曾祖父,http://news.ltn.com.tw/news/politics/paper/867318
蔣萬安,蔣經國,祖父,http://news.ltn.com.tw/news/politics/paper/867318
蔣萬安,蔣孝嚴,父親,http://news.ltn.com.tw/news/politics/paper/867318
蔣萬安,蔣黃美倫,母親,http://news.ltn.com.tw/news/politics/paper/1182893
蔣萬安,蔣得立,兒子,http://news.ltn.com.tw/news/politics/breakingnews/2310093
蔣萬安,蔣蕙蘭,姐姐,http://news.ltn.com.tw/news/politics/paper/867318
蔣萬安,蔣蕙筠,姐姐,http://news.ltn.com.tw/news/politics/paper/867318
蔣萬安,石舫亘,配偶,https://drive.google.com/open?id=1UZNiWm2btv3-OCwIFhAwUxBvtJHBhmd5
柯建銘,柯韋任,兒子,https://zh.wikipedia.org/wiki/%E6%9F%AF%E5%BB%BA%E9%8A%98
柯建銘,柯鈞耀,兒子,https://zh.wikipedia.org/wiki/%E6%9F%AF%E5%BB%BA%E9%8A%98
柯建銘,柯子餘,父親,https://zh.wikipedia.org/wiki/%E6%9F%AF%E5%BB%BA%E9%8A%98
柯建銘,柯陳彩娥,母親,https://zh.wikipedia.org/wiki/%E6%9F%AF%E5%BB%BA%E9%8A%98
柯建銘,林道春,配偶,https://drive.google.com/file/d/160ldMIMT8UegLXb5D34IL_DuR3cPmBaC/view?usp=sharing
柯志恩,柯文福,父親,http://news.ltn.com.tw/news/politics/breakingnews/2256297
柯志恩,洪德成,配偶,https://drive.google.com/file/d/1nItuR7DcXcIFD8Yxx0KCWFG55UNelqCH/view?usp=sharing
孔文吉,陳秋月,配偶,https://drive.google.com/open?id=12bDVeQkf1GKTx55-qnpIMSVPyfciHmj_
賴瑞隆,陳怡元,配偶,https://drive.google.com/open?id=1w546E8vnqYJDd6mXDtiNjXSgC_abJZVJ
賴士葆,林良娥,配偶,https://drive.google.com/open?id=19C_A-ZzF0GzSw2sIpxI4YGkk62bwBO3L
李鴻鈞,李騰輝,父親,https://zh.wikipedia.org/wiki/%E6%9D%8E%E9%B4%BB%E9%88%9E_(%E7%AB%8B%E5%A7%94)
李鴻鈞,李鴻源,哥哥,https://zh.wikipedia.org/wiki/%E6%9D%8E%E9%B4%BB%E9%88%9E_(%E7%AB%8B%E5%A7%94)
李鴻鈞,劉素幸,配偶,https://drive.google.com/file/d/165UKsPudgImwgNU4jlMaWsWcu0PofzUP/view?usp=sharing
李俊俋,李鴻禧,父親,http://news.ltn.com.tw/news/politics/paper/859797
李俊俋,陳佳慧,配偶,https://drive.google.com/file/d/1lTTVQw10DNAC6rXJPsEc63yIOTOPloFU/view?usp=sharing
李昆澤,陳菊,阿姨,https://theme.udn.com/theme/story/6351/220101
李昆澤,廖翊百,配偶,https://drive.google.com/file/d/1wrKVAeuUQEjBgmD2T861a3f5rgOW-mIG/view?usp=sharing
李昆澤,廖光舜,岳父,https://zh.wikipedia.org/wiki/%E6%9D%8E%E6%98%86%E6%BE%A4
李麗芬,何宜澤,配偶,https://drive.google.com/file/d/1zqEqCjJrugUA8DO0LAhUvrR1BQxdjOqR/view?usp=sharing
李彥秀,李金鏱,父親,https://zh.wikipedia.org/wiki/%E6%9D%8E%E5%BD%A5%E7%A7%80
李彥秀,侯冠群,配偶,https://drive.google.com/open?id=1MTdWIGUnl6v64tG9uSogHISDZ87BknN2
李彥秀,李福人,祖父,https://zh.wikipedia.org/wiki/%E6%9D%8E%E5%BD%A5%E7%A7%80
李應元,黃月桂,配偶,https://drive.google.com/open?id=1rFQuaQYb_PZ4mW_ZKDBYtLoCHdpSb_IX
廖國棟Sufin．Siluko,陳姿伶,配偶,https://drive.google.com/open?id=1S2AshFTAhmWuu0LbzhvetZZJyHGB7Wu3
林昶佐,何欣純,表姐,http://news.ltn.com.tw/news/politics/paper/1177943
林昶佐,葉湘怡,配偶,https://drive.google.com/file/d/1fYIKc4HHTI-DAVbh7IyPxoK3k4K6KVpv/view?usp=sharing
林岱樺,林三郎,父親,https://zh.wikipedia.org/wiki/%E6%9E%97%E5%B2%B1%E6%A8%BA
林岱樺,N/A,配偶,https://drive.google.com/file/d/1yTFeoTY5H0O0G-MSTCTlnJzAF3YWh9y3/view?usp=sharing
林德福,曾月桂,配偶,https://drive.google.com/file/d/1NiN8_eIH0NK7hz2UZuz4rcLM9aPaqsMt/view?usp=sharing
林靜儀,N/A,配偶,https://drive.google.com/file/d/18Y_TyniB4a90F3JVXVMKc-j3pGL1lha_/view?usp=sharing
林俊憲,李佳恩,配偶,https://drive.google.com/file/d/12IjMNVW5MJUQinifj8nhce6mr5qA3foy/view?usp=sharing
林麗蟬,謝水金,配偶,https://drive.google.com/file/d/1-_QoFEq0ECpb94xZee5S6cLWhjZZVjdz/view?usp=sharing
林淑芬,邱若山,配偶,https://drive.google.com/file/d/17gIr7gzwe4nySGIU2Vzml6JbRM3KYCLP/view?usp=sharing
林為洲,郭慶珠,配偶,https://drive.google.com/open?id=1GRsXhz6JvavElVrBHS8GbCvISgzYvGZS
劉建國,N/A,配偶,https://drive.google.com/open?id=1Of62-NnTaM1Pfh9CAg1o9k3mnMnWsstr
劉世芳,N/A,配偶,https://drive.google.com/open?id=1AOUrQGPeGxHI4px80d1wy-LnHofNIkSz
劉櫂豪,劉櫂漳,哥哥,https://zh.wikipedia.org/wiki/%E5%8A%89%E6%AB%82%E8%B1%AA
劉櫂豪,劉梅英,姐姐,https://zh.wikipedia.org/wiki/%E5%8A%89%E6%AB%82%E8%B1%AA
劉櫂豪,林子煊,配偶,https://drive.google.com/open?id=1o-i5OsEriPpHtn_7BVvYYKcWPn07ufq1
劉櫂豪,劉洋,祖父,https://zh.wikipedia.org/wiki/%E5%8A%89%E6%AB%82%E8%B1%AA
盧秀燕,廖瑞芳,大姑,http://news.ltn.com.tw/news/politics/breakingnews/2370981
盧秀燕,廖瑞華,大姑,http://news.ltn.com.tw/news/politics/breakingnews/2370981
盧秀燕,廖繼魯,公公,https://www.mirrormedia.mg/story/20171211inv010/
盧秀燕,盧秀玲,妹妹,http://news.ltn.com.tw/news/politics/breakingnews/2370981
盧秀燕,盧秀芳,妹妹,https://zh.wikipedia.org/wiki/%E7%9B%A7%E7%A7%80%E7%87%95
盧秀燕,徐志奕,妹婿,https://zh.wikipedia.org/wiki/%E7%9B%A7%E7%A7%80%E8%8A%B3
盧秀燕,廖述嘉,配偶,https://drive.google.com/open?id=1U4rVOCy74u3Fzs0agjjLwY-zoSA5G6Hl
盧秀燕,張廖乃綸,小姑,https://zh.wikipedia.org/wiki/%E7%9B%A7%E7%A7%80%E7%87%95
呂孫綾,呂孫福,弟弟,https://zh.wikipedia.org/wiki/%E5%91%82%E5%AD%90%E6%98%8C
呂孫綾,呂孫吉,弟弟,https://zh.wikipedia.org/wiki/%E5%91%82%E5%AD%90%E6%98%8C
呂孫綾,呂子昌,父親,https://zh.wikipedia.org/wiki/%E5%91%82%E5%AD%90%E6%98%8C
呂孫綾,N/A,配偶,https://drive.google.com/open?id=1ddDCJ0VYNvJBAyfyhUER64RD4Qzfovr7
呂玉玲,陳萬得,配偶,https://drive.google.com/open?id=1vd2TDp4zOIo2w6L_TKSmlAnNc3EfCpl8
羅明才,羅福助,父親,https://zh.wikipedia.org/wiki/%E7%BE%85%E6%98%8E%E6%89%8D
羅明才,羅明旭,哥哥,https://zh.wikipedia.org/wiki/%E7%BE%85%E6%98%8E%E6%89%8D
羅明才,羅慶堂,祖父,http://news.ltn.com.tw/news/local/paper/942688
羅明才,黃靜秋,配偶,https://drive.google.com/open?id=1FstA493zYlZJb1-B-ESn2W9Gj1xf99yz
羅致政,陳亮吟,配偶,https://drive.google.com/file/d/1eXTrIJNitGA-1fEaKIwxukRhTh1Y12U8/view?usp=sharing
馬文君,馬長風,弟弟,http://www.chinatimes.com/realtimenews/20151106004764-260407
馬文君,馬榮吉,父親,http://www.chinatimes.com/realtimenews/20151106004764-260407
馬文君,王俊國,配偶,https://drive.google.com/file/d/1ONim3TFZeUP83GpVoGpNhwanDy_l0_A1/view?usp=sharing
邱泰源,蔡德慧,配偶,https://drive.google.com/file/d/1Q_bemTjwtS0nyLocdA78n1nPmbxCyrjN/view?usp=sharing
邱議瑩,邱名璋,弟弟,https://zh.wikipedia.org/wiki/%E9%82%B1%E8%AD%B0%E7%91%A9
邱議瑩,邱茂男,父親,https://zh.wikipedia.org/wiki/%E9%82%B1%E8%AD%B0%E7%91%A9
邱議瑩,李永得,配偶,https://drive.google.com/file/d/1JJigsF7vFOVoxA403HrNv_hdPpsJStTF/view?usp=sharing
邱議瑩,邱凱偉,堂弟,https://zh.wikipedia.org/wiki/%E9%82%B1%E8%AD%B0%E7%91%A9
邱議瑩,邱慶德,祖父,https://zh.wikipedia.org/wiki/%E9%82%B1%E8%AD%B0%E7%91%A9
邱志偉,安田陽子,配偶,https://drive.google.com/file/d/1gGuWFJgJck52eTTgQHViRv1gtFcnSsrv/view?usp=sharing
饒慶鈴,饒穎奇,父親,http://news.ltn.com.tw/news/politics/paper/547459
施義芳,鄭美香,配偶,https://drive.google.com/file/d/17_DrBfgTtWAhexoLp4gh5ET_Kc56iPiO/view?usp=sharing
宋瑋莉,林文龍,公公,https://zh.wikipedia.org/wiki/%E5%AE%8B%E7%91%8B%E8%8E%89
宋瑋莉,林家輝,配偶,https://zh.wikipedia.org/wiki/%E5%AE%8B%E7%91%8B%E8%8E%89
蘇嘉全,蘇興旺,父親,https://zh.wikipedia.org/wiki/%E8%98%87%E5%98%89%E5%85%A8
蘇嘉全,蘇嘉富,哥哥,https://zh.wikipedia.org/wiki/%E8%98%87%E5%98%89%E5%85%A8
蘇嘉全,蘇嘉川,哥哥,https://zh.wikipedia.org/wiki/%E8%98%87%E5%98%89%E5%85%A8
蘇嘉全,蘇秀美,姐姐,https://zh.wikipedia.org/wiki/%E8%98%87%E5%98%89%E5%85%A8
蘇嘉全,陳水蔭,母親,https://zh.wikipedia.org/wiki/%E8%98%87%E5%98%89%E5%85%A8
蘇嘉全,蘇㛄馠,女兒,https://zh.wikipedia.org/wiki/%E8%98%87%E5%98%89%E5%85%A8
蘇嘉全,蘇㛄瑾,女兒,https://zh.wikipedia.org/wiki/%E8%98%87%E5%98%89%E5%85%A8
蘇嘉全,洪恒珠,配偶,https://drive.google.com/open?id=1qMW-o2qcg7VGcaUFOrPGuxlwWW1S89iE
蘇嘉全,張世文,外甥,https://zh.wikipedia.org/wiki/%E8%98%87%E5%98%89%E5%85%A8
蘇嘉全,洪木蒞,岳母,https://zh.wikipedia.org/wiki/%E8%98%87%E5%98%89%E5%85%A8
蘇嘉全,蘇震清,姪子,https://zh.wikipedia.org/wiki/%E8%98%87%E5%98%89%E5%85%A8
蘇巧慧,蘇貞昌,父親,https://zh.wikipedia.org/wiki/%E8%98%87%E5%B7%A7%E6%85%A7
蘇巧慧,蘇巧純,妹妹,https://zh.wikipedia.org/wiki/%E8%98%87%E5%B7%A7%E6%85%A7
蘇巧慧,詹秀齡,母親,http://news.ltn.com.tw/news/politics/breakingnews/1688271
蘇巧慧,龍男·以撒克·凡亞思,配偶,https://drive.google.com/open?id=1u20-LvuITL7V-YjJ8WqbJ-h6OBuw6GOg
蘇巧慧,韶瑪·蘇·凡亞思,女兒,https://zh.wikipedia.org/wiki/%E8%98%87%E5%B7%A7%E6%85%A7
蘇巧慧,韶齡·蘇·凡亞思,女兒,https://zh.wikipedia.org/wiki/%E8%98%87%E5%B7%A7%E6%85%A7
蘇震清,廖靖汝,配偶,https://drive.google.com/open?id=1zAt5VCZmySiNGV05EDjk1MEvTHBavWOc
蘇震清,蘇嘉全,叔叔,http://news.ltn.com.tw/news/local/paper/950078
蘇治芬,黃年詢,兒子,https://zh.wikipedia.org/wiki/%E8%98%87%E6%B2%BB%E8%8A%AC
蘇治芬,蘇東啟,父親,https://zh.wikipedia.org/wiki/%E8%98%87%E6%B2%BB%E8%8A%AC
蘇治芬,蘇治灝,哥哥,https://tw.appledaily.com/sports/daily/20081107/31120063
蘇治芬,蘇勳璧,妹妹,https://tw.appledaily.com/sports/daily/20081107/31120063
蘇治芬,蘇洪月嬌,母親,https://zh.wikipedia.org/wiki/%E8%98%87%E6%B2%BB%E8%8A%AC
蘇治芬,黃武雄,配偶,https://drive.google.com/open?id=14AW-HcahWZ6sB-031QD_jm7vM7KasS3V
蘇治芬,蘇治洋,姐姐,https://tw.appledaily.com/new/realtime/20140428/387678/
王定宇,李淑吟,配偶,https://drive.google.com/open?id=1fBk5YuAPCq8oWNECLkSZ5PCMZ_wfIuj7
王惠美,王福入,父親,https://zh.wikipedia.org/wiki/%E7%8E%8B%E6%83%A0%E7%BE%8E
王惠美,周承融,公公,http://hkmag.crntt.com/doc/1003/8/6/1/100386100.html
王惠美,周明亞,配偶,https://drive.google.com/open?id=18UazSW2gxWomhMlaIIc49cwGiaFcDuz0
王金平,王柄堯,兒子,https://zh.wikipedia.org/wiki/%E7%8E%8B%E9%87%91%E5%B9%B3
王金平,王科,父親,https://zh.wikipedia.org/wiki/%E7%8E%8B%E9%87%91%E5%B9%B3
王金平,王馨淳,女兒,https://zh.wikipedia.org/wiki/%E7%8E%8B%E9%87%91%E5%B9%B3
王金平,王馨敏,女兒,https://zh.wikipedia.org/wiki/%E7%8E%8B%E9%87%91%E5%B9%B3
王金平,王陳彩蓮,配偶,https://drive.google.com/open?id=1zByA4UtDxCw5Gj05A6Lu_EWbh3mxydXl
王榮璋,周文珍,配偶,https://drive.google.com/open?id=13UFofGFbIiFbsrOUoZqvZKf7S_m1EJKB
王育敏,楊明哲,配偶,https://drive.google.com/file/d/1zXr06wh91YgMAAGgYKeyAaQOVKjviP9F/view?usp=sharing
吳碧珠,吳錫輝,父親,http://news.ltn.com.tw/news/local/paper/455116
吳秉叡,詹文馨,配偶,https://drive.google.com/file/d/1ydwfE9X6TdS-bkzOSL3AFFj47yMq0xfI/view?usp=sharing
吳焜裕,江素瑛,配偶,https://drive.google.com/open?id=19VX2AoH7beImQDlyWGSEumJ14fA_viYm
吳琪銘,許素珍,配偶,https://drive.google.com/open?id=1GKxK7FKr8C5qCZushax7kwofMg3B2qyL
吳思瑤,N/A,配偶,https://drive.google.com/open?id=1YGkw0yAS7vBr1sFQYO65tPSFTC4_mEo5
吳玉琴,黃志誠,配偶,https://drive.google.com/open?id=1qF_SNygYRYtPnQvbbx3DgXsG8Ql7PLLP
吳志揚,吳志剛,弟弟,https://zh.wikipedia.org/wiki/%E5%90%B3%E5%BF%97%E6%8F%9A_(%E6%94%BF%E6%B2%BB%E4%BA%BA%E7%89%A9)
吳志揚,吳伯雄,父親,https://zh.wikipedia.org/wiki/%E5%90%B3%E5%BF%97%E6%8F%9A_(%E6%94%BF%E6%B2%BB%E4%BA%BA%E7%89%A9)
吳志揚,吳璧玲,姐姐,https://zh.wikipedia.org/wiki/%E5%90%B3%E5%BF%97%E6%8F%9A_(%E6%94%BF%E6%B2%BB%E4%BA%BA%E7%89%A9)
吳志揚,戴美玉,母親,https://zh.wikipedia.org/wiki/%E5%90%B3%E5%BF%97%E6%8F%9A_(%E6%94%BF%E6%B2%BB%E4%BA%BA%E7%89%A9)
吳志揚,洪秀華,配偶,https://drive.google.com/open?id=16n6HdHvQmigk3HryrMpYzpQBtgFfpdvh
吳志揚,吳鴻麟,祖父,https://zh.wikipedia.org/wiki/%E5%90%B3%E5%BF%97%E6%8F%9A_(%E6%94%BF%E6%B2%BB%E4%BA%BA%E7%89%A9)
蕭美琴,蕭清芬,父親,https://zh.wikipedia.org/wiki/%E8%95%AD%E7%BE%8E%E7%90%B4
蕭美琴,N/A,配偶,https://drive.google.com/open?id=1rg3DfnK0BDoOhBAscDRqRRFiWplPnFST
謝典霖,謝新隆,父親,https://zh.wikipedia.org/wiki/%E8%AC%9D%E5%85%B8%E9%9C%96
謝典霖,鄭汝芬,母親,https://zh.wikipedia.org/wiki/%E8%AC%9D%E5%85%B8%E9%9C%96
謝典霖,李秋燕,前配偶,https://zh.wikipedia.org/wiki/%E8%AC%9D%E5%85%B8%E9%9C%96
謝典霖,謝言信,爺爺,https://zh.wikipedia.org/wiki/%E8%AC%9D%E5%85%B8%E9%9C%96
徐國勇,張錫月,配偶,https://drive.google.com/file/d/1l7G0ZkAuWawhwJUP1kc0J9HuwKF3W-fy/view?usp=sharing
徐國勇,徐佳青,姪女,https://zh.wikipedia.org/wiki/%E5%BE%90%E5%9C%8B%E5%8B%87
徐永明,廖庭慧,配偶,https://drive.google.com/file/d/1D-LlnskfJj2TVi8LwB5SRR6ZDS2CpiLH/view?usp=sharing
徐榛蔚,傅崐萁,配偶,https://drive.google.com/file/d/12TtYJAuHj30kLFuaosOPVWzMEUcmAi4K/view?usp=sharing
徐榛蔚,傅兆林,岳父,http://news.ltn.com.tw/news/politics/paper/1141543
徐志榮,徐滌源,父親,https://books.google.com.tw/books?id=cKwyDgAAQBAJ&pg=PA485&dq=%E5%BE%90%E5%BF%97%E6%A6%AE+%E5%BE%90%E6%BB%8C%E6%BA%90+%E5%BE%90%E5%AE%9A%E6%A8%99+%E5%BE%90%E7%82%B3%E7%A5%A5&hl=zh-TW&sa=X&ved=0ahUKEwj00dbj583bAhVEurwKHSA_D8sQ6AEIJjAA#v=onepage&q=%E5%BE%90%E5%BF%97%E6%A6%AE%20%E5%BE%90%E6%BB%8C%E6%BA%90%20%E5%BE%90%E5%AE%9A%E6%A8%99%20%E5%BE%90%E7%82%B3%E7%A5%A5&f=false
徐志榮,王慧珍,配偶,https://drive.google.com/file/d/1ISfho9E-EFhWf40vcc8yzC82Crf2isoF/view?usp=sharing
徐志榮,徐金錫,叔叔,http://www.chinatimes.com/newspapers/20150101000493-260107
徐志榮,徐定標,祖父,https://books.google.com.tw/books?id=cKwyDgAAQBAJ&pg=PA485&dq=%E5%BE%90%E5%BF%97%E6%A6%AE+%E5%BE%90%E6%BB%8C%E6%BA%90+%E5%BE%90%E5%AE%9A%E6%A8%99+%E5%BE%90%E7%82%B3%E7%A5%A5&hl=zh-TW&sa=X&ved=0ahUKEwj00dbj583bAhVEurwKHSA_D8sQ6AEIJjAA#v=onepage&q=%E5%BE%90%E5%BF%97%E6%A6%AE%20%E5%BE%90%E6%BB%8C%E6%BA%90%20%E5%BE%90%E5%AE%9A%E6%A8%99%20%E5%BE%90%E7%82%B3%E7%A5%A5&f=false
徐志榮,徐炳祥,曾祖父,https://books.google.com.tw/books?id=cKwyDgAAQBAJ&pg=PA485&dq=%E5%BE%90%E5%BF%97%E6%A6%AE+%E5%BE%90%E6%BB%8C%E6%BA%90+%E5%BE%90%E5%AE%9A%E6%A8%99+%E5%BE%90%E7%82%B3%E7%A5%A5&hl=zh-TW&sa=X&ved=0ahUKEwj00dbj583bAhVEurwKHSA_D8sQ6AEIJjAA#v=onepage&q=%E5%BE%90%E5%BF%97%E6%A6%AE%20%E5%BE%90%E6%BB%8C%E6%BA%90%20%E5%BE%90%E5%AE%9A%E6%A8%99%20%E5%BE%90%E7%82%B3%E7%A5%A5&f=false
許淑華,許天送,父親,https://udn.com/news/story/6840/2592739
許淑華,N/A,配偶,https://drive.google.com/open?id=1IGzu9hLhaONh5e00YiclqncT66lNF047
許毓仁,黃乙珍,配偶,https://drive.google.com/file/d/1x6V4f_-iYDyXLf3AiQQYO02_YC5wtqvA/view?usp=sharing
許智傑,周桂香,配偶,https://drive.google.com/file/d/1MQ00vgrjQKU3U9y8ILzXa2K269k-gmeg/view?usp=sharing
顏寬恒,顏仁賢,弟弟,https://zh.wikipedia.org/wiki/%E9%A1%8F%E5%AF%AC%E6%81%92
顏寬恒,顏宏全,弟弟,https://zh.wikipedia.org/wiki/%E9%A1%8F%E5%AF%AC%E6%81%92
顏寬恒,顏嘉儀,弟弟,https://zh.wikipedia.org/wiki/%E9%A1%8F%E5%AF%AC%E6%81%92
顏寬恒,顏邵朋,兒子,https://zh.wikipedia.org/wiki/%E9%A1%8F%E5%AF%AC%E6%81%92
顏寬恒,顏清標,父親,https://zh.wikipedia.org/wiki/%E9%A1%8F%E5%AF%AC%E6%81%92
顏寬恒,顏莉敏,妹妹,https://zh.wikipedia.org/wiki/%E9%A1%8F%E5%AF%AC%E6%81%92
顏寬恒,黃美貴,母親,https://zh.wikipedia.org/wiki/%E9%A1%8F%E5%AF%AC%E6%81%92
顏寬恒,顏鈺蓁,女兒,https://zh.wikipedia.org/wiki/%E9%A1%8F%E5%AF%AC%E6%81%92
顏寬恒,顏伃婕,女兒,https://zh.wikipedia.org/wiki/%E9%A1%8F%E5%AF%AC%E6%81%92
顏寬恒,葉信志,女婿,https://zh.wikipedia.org/wiki/%E9%A1%8F%E5%AF%AC%E6%81%92
顏寬恒,陳麗淩,配偶,https://drive.google.com/open?id=1ibKVV774i0XnStAOIVvgFujV_iq6RU2_
楊曜,楊夷狄,父親,http://news.ltn.com.tw/news/local/paper/551958
楊曜,楊石龍,哥哥,http://news.ltn.com.tw/news/local/paper/551958
楊曜,林君倩,配偶,https://drive.google.com/file/d/1wo6bMCJBfzMwC0YvKHV9hglQL_76Wfbq/view?usp=sharing
楊鎮浯,楊肅元,父親,https://news.tvbs.com.tw/politics/926472
楊鎮浯,張婭伶,配偶,https://drive.google.com/open?id=1fHhGIqlcd0VX1AmBLf0PBgs5U4yvIhsI
姚文智,潘瓊琪,配偶,https://drive.google.com/file/d/1cW__mSS_jiQM-AHbeAcddO2o9FCeOwcW/view?usp=sharing
葉宜津,葉光章,弟弟,http://news.ltn.com.tw/news/business/breakingnews/2321485
葉宜津,施宣榕,弟媳,http://news.ltn.com.tw/news/business/breakingnews/2321485
葉宜津,葉棟樑,父親,https://zh.wikipedia.org/wiki/%E8%91%89%E5%AE%9C%E6%B4%A5
葉宜津,葉光洲,哥哥,http://www.twtimes.com.tw/index.php?page=news&nid=410759
葉宜津,趙哲宏,配偶,https://drive.google.com/open?id=1HYElGuZ6TlFK93miI-s4PkK_wj_6Em2K
尤美女,黃瑞明,配偶,https://drive.google.com/open?id=14qIv4SYS73ezNGp3foO1IE3bbr56i0aD
余宛如,徐文彥,配偶,https://drive.google.com/file/d/11O_z0flAJ-FpRvDMs7ZwxcBkjBrWcWBf/view?usp=sharing
張宏陸,王春英,配偶,https://drive.google.com/file/d/1rvJKYbiH8apY9T46sL5kaRCIfzY4q_BF/view?usp=sharing
張麗善,張啟庭,弟弟,https://zh.wikipedia.org/wiki/%E5%BC%B5%E9%BA%97%E5%96%84
張麗善,張啟盟,弟弟,https://zh.wikipedia.org/wiki/%E5%BC%B5%E9%BA%97%E5%96%84
張麗善,張清雄,父親,https://zh.wikipedia.org/wiki/%E5%BC%B5%E9%BA%97%E5%96%84
張麗善,張榮味,哥哥,https://zh.wikipedia.org/wiki/%E5%BC%B5%E9%BA%97%E5%96%84
張麗善,張麗娟,姐姐,https://zh.wikipedia.org/wiki/%E5%BC%B5%E9%BA%97%E5%96%84
張麗善,張黃樊卿,母親,https://zh.wikipedia.org/wiki/%E5%BC%B5%E9%BA%97%E5%96%84
張麗善,張永成,配偶,https://drive.google.com/file/d/1dmdT2GbqEuYte9Jr79IRAfyicEXxeIuj/view?usp=sharing
張麗善,張嘉郡,姪女,https://zh.wikipedia.org/wiki/%E5%BC%B5%E9%BA%97%E5%96%84
張麗善,張鎔麒,姪子,https://zh.wikipedia.org/wiki/%E5%BC%B5%E9%BA%97%E5%96%84
張廖萬堅,陸美良,配偶,https://drive.google.com/file/d/1GY5ynurdL_81utSXUsbHUfOPfrs-S35k/view?usp=sharing
趙天麟,丁雅婷,配偶,https://drive.google.com/open?id=1tCXNS87VpkgNbQQ7Ppsm77KczFE9PM9I
趙正宇,吳淑惠,配偶,https://drive.google.com/open?id=1qBD_t_3A2tXSWVeCWw-48-knnf_lQR-u
鄭寶清,莊儒蓮,配偶,https://drive.google.com/open?id=1IjYWCqVa1IANxFUAbDhjdzfENCHbBYwE
鄭麗君,沈學榮,配偶,https://drive.google.com/open?id=1wh6Thsf52pmA9tTgljtwFUv73bIa1ZTu
鄭天財Sra．Kacaw,王惠玲,配偶,https://drive.google.com/open?id=1mHopwcKuVBuLtxS_2TszJYJBvylGRpNj
鄭運鵬,鄭運鴻,哥哥,https://zh.wikipedia.org/wiki/%E9%84%AD%E9%81%8B%E9%B5%AC
鄭運鵬,史秀玉,配偶,https://drive.google.com/open?id=1sV7Y_-ocDwTiV3IY1Uk99gO_BqRc6fIW
鍾佳濱,楊茹憶,配偶,https://drive.google.com/open?id=1jVEWhpvsR5tRq3pvr6nvao1K3M1YeSPM
鍾孔炤,鍾英輝,父親,https://zh.wikipedia.org/wiki/%E9%8D%BE%E5%AD%94%E7%82%A4
鍾孔炤,黃麗珍,配偶,https://drive.google.com/open?id=1Sh-3l32g-R8Euw-6iAhlChEapZagplGy
周陳秀霞,周五六,配偶,https://drive.google.com/file/d/1-cHGRCc8lZNlcxihcyX5ZlenM26ToT1S/view?usp=sharing
周春米,邱明宏,配偶,https://drive.google.com/file/d/1ochGzQ1KQD-7ttFvd9gVNSqsSaEzJOBx/view?usp=sharing
莊瑞雄,N/A,配偶,https://drive.google.com/file/d/1JH64mAnh0cOEKy2N_Vqn1vHaFE1AkSeE/view?usp=sharing
蔣根煌,N/A,,
陳文治,N/A,,
邱奕勝,N/A,,
李曉鐘,N/A,,
林士昌,N/A,,
張清照,N/A,,
賴美惠,N/A,,
郭信良,N/A,,
康裕成,N/A,,
蔡昌達,N/A,,
蔡旺璉,N/A,,
陳文昌,N/A,,
林棋山,N/A,,
張鎮榮,N/A,,
陳見賢,N/A,,
謝文進,N/A,,
許修睿,N/A,,
游忠鈿,N/A,,
陳明朝,N/A,,
許原龍,N/A,,
何勝豐,N/A,,
潘一全,N/A,,
沈宗隆,N/A,,
蘇俊豪,N/A,,
張明達,N/A,,
陳怡岳,N/A,,
蕭淑麗,N/A,,
郭明賓,N/A,,
周典論,N/A,,
江維屏,N/A,,
陳宏宗,N/A,,
賴進坤,N/A,,
張峻,N/A,,
劉陳昭玲,N/A,,
陳雙全,N/A,,
洪麗萍,N/A,,
謝東龍,N/A,,
張永江,N/A,,
陳書建,N/A,,